{
  "model_name": "bilstm_multihead",
  "owner": "Daniel Ruiz",
  "track": "PP",
  "config": {
    "embedding_dim": 128,
    "hidden_size": 256,
    "dropout": 0.4,
    "use_class_weights": true,
    "n_params": 6110981
  },
  "metrics": {
    "accuracy": 0.654806,
    "precision_macro": 0.608635,
    "recall_macro": 0.645407,
    "f1_macro": 0.619292,
    "f1_per_class": {
      "1": 0.756303,
      "2": 0.532982,
      "3": 0.549072,
      "4": 0.48006,
      "5": 0.778043
    },
    "confusion_matrix": [
      [
        180,
        62,
        8,
        2,
        0
      ],
      [
        22,
        101,
        25,
        0,
        1
      ],
      [
        9,
        58,
        207,
        57,
        10
      ],
      [
        5,
        6,
        129,
        319,
        174
      ],
      [
        8,
        3,
        44,
        318,
        978
      ]
    ]
  },
  "training": {
    "epochs_run": 16,
    "best_epoch": 11,
    "training_time_seconds": 303.8,
    "loss_history": [
      1.427517,
      1.235449,
      1.125593,
      1.067404,
      1.017463,
      0.954469,
      0.929541,
      0.888113,
      0.855362,
      0.830344,
      0.788572,
      0.749261,
      0.718,
      0.686894,
      0.63297,
      0.590849
    ],
    "val_loss_history": [
      1.251952,
      1.107587,
      1.087043,
      1.061022,
      1.069094,
      1.02389,
      0.960061,
      1.000557,
      1.023585,
      0.958956,
      0.929834,
      0.997005,
      1.135512,
      1.171548,
      1.096125,
      1.119087
    ],
    "acc_history": [
      0.416195,
      0.503381,
      0.54434,
      0.568003,
      0.587972,
      0.601179,
      0.612893,
      0.628852,
      0.643553,
      0.649371,
      0.653616,
      0.67327,
      0.687264,
      0.682783,
      0.713286,
      0.713601
    ],
    "val_acc_history": [
      0.551724,
      0.554292,
      0.61372,
      0.603448,
      0.609318,
      0.647469,
      0.637564,
      0.629861,
      0.656273,
      0.636097,
      0.657007,
      0.558694,
      0.670213,
      0.672047,
      0.690756,
      0.692223
    ]
  }
}