{
  "model_name": "bilstm_v1",
  "owner": "Yibby",
  "track": "PP",
  "config": {
    "embedding_dim": 128,
    "hidden_size": 128,
    "dropout": 0.4,
    "use_class_weights": false,
    "n_params": 3253253
  },
  "metrics": {
    "accuracy": 0.687087,
    "precision_macro": 0.587615,
    "recall_macro": 0.579509,
    "f1_macro": 0.574889,
    "f1_per_class": {
      "1": 0.715706,
      "2": 0.201835,
      "3": 0.563758,
      "4": 0.572037,
      "5": 0.82111
    },
    "confusion_matrix": [
      [180, 32, 37, 1, 2],
      [45, 22, 74, 8, 0],
      [17, 11, 210, 95, 8],
      [4, 4, 64, 403, 158],
      [5, 0, 19, 269, 1058]
    ]
  },
  "training": {
    "epochs_run": 8,
    "best_epoch": 4,
    "training_time_seconds": 27685.9,
    "loss_history": [
      1.173374, 0.866609, 0.727939, 0.628732,
      0.52887, 0.445903, 0.35707, 0.241043
    ],
    "val_loss_history": [
      0.948496, 0.818797, 0.75691, 0.748915,
      0.76828, 0.772518, 0.861038, 0.982486
    ],
    "acc_history": [
      0.530189, 0.637343, 0.692531, 0.733333,
      0.780739, 0.823821, 0.861714, 0.914544
    ],
    "val_acc_history": [
      0.603448, 0.65664, 0.684519, 0.689288,
      0.698826, 0.717168, 0.725605, 0.738811
    ]
  }
}
