{
  "model_name": "bilstm_v2",
  "owner": "Yibby",
  "track": "PP",
  "config": {
    "embedding_dim": 128,
    "hidden_size": 128,
    "dropout": 0.4,
    "use_class_weights": true,
    "n_params": 3253253
  },
  "metrics": {
    "accuracy": 0.645268,
    "precision_macro": 0.587046,
    "recall_macro": 0.625086,
    "f1_macro": 0.598939,
    "f1_per_class": {
      "1": 0.73251,
      "2": 0.458667,
      "3": 0.548718,
      "4": 0.4836,
      "5": 0.7712
    },
    "confusion_matrix": [
      [
        178,
        66,
        8,
        0,
        0
      ],
      [
        35,
        86,
        25,
        3,
        0
      ],
      [
        11,
        57,
        214,
        48,
        11
      ],
      [
        3,
        11,
        128,
        317,
        174
      ],
      [
        7,
        6,
        64,
        310,
        964
      ]
    ]
  },
  "training": {
    "epochs_run": 9,
    "best_epoch": 5,
    "training_time_seconds": 1792.3,
    "loss_history": [
      1.361172,
      1.05058,
      0.886336,
      0.76579,
      0.657779,
      0.560125,
      0.477572,
      0.404483,
      0.304949
    ],
    "val_loss_history": [
      1.153741,
      1.05199,
      1.014912,
      1.003691,
      0.987037,
      1.058346,
      1.192195,
      1.356578,
      1.411464
    ],
    "acc_history": [
      0.421934,
      0.576101,
      0.637186,
      0.673113,
      0.716116,
      0.748192,
      0.770204,
      0.800157,
      0.83978
    ],
    "val_acc_history": [
      0.517975,
      0.644901,
      0.58584,
      0.590609,
      0.663977,
      0.637197,
      0.666544,
      0.659574,
      0.657007
    ]
  }
}