{
  "model_name": "bilstm_bahdanau",
  "owner": "Daniel Ruiz",
  "track": "PP",
  "config": {
    "embedding_dim": 128,
    "hidden_size": 256,
    "dropout": 0.3,
    "use_class_weights": true,
    "n_params": 5191685
  },
  "metrics": {
    "accuracy": 0.647102,
    "precision_macro": 0.583643,
    "recall_macro": 0.584212,
    "f1_macro": 0.574002,
    "f1_per_class": {
      "1": 0.687361,
      "2": 0.43309,
      "3": 0.4791,
      "4": 0.477752,
      "5": 0.792706
    },
    "confusion_matrix": [
      [
        155,
        88,
        8,
        1,
        0
      ],
      [
        25,
        89,
        29,
        6,
        0
      ],
      [
        10,
        67,
        149,
        96,
        19
      ],
      [
        2,
        12,
        61,
        306,
        252
      ],
      [
        7,
        6,
        34,
        239,
        1065
      ]
    ]
  },
  "training": {
    "epochs_run": 9,
    "best_epoch": 4,
    "training_time_seconds": 129.3,
    "loss_history": [
      1.427226,
      1.178061,
      1.003678,
      0.912465,
      0.828436,
      0.735018,
      0.657669,
      0.551277,
      0.474652
    ],
    "val_loss_history": [
      1.27376,
      1.072068,
      1.043546,
      0.976425,
      1.012172,
      0.987741,
      0.982608,
      1.033391,
      1.220662
    ],
    "acc_history": [
      0.416509,
      0.524292,
      0.592531,
      0.621698,
      0.654324,
      0.687579,
      0.705503,
      0.745362,
      0.764937
    ],
    "val_acc_history": [
      0.507704,
      0.589508,
      0.648936,
      0.668379,
      0.659208,
      0.701394,
      0.703595,
      0.665444,
      0.698092
    ]
  }
}