{
  "model_name": "bilstm_v1",
  "owner": "Yibby",
  "track": "PP",
  "config": {
    "embedding_dim": 128,
    "hidden_size": 128,
    "dropout": 0.4,
    "use_class_weights": false,
    "n_params": 3253253
  },
  "metrics": {
    "accuracy": 0.691489,
    "precision_macro": 0.612971,
    "recall_macro": 0.545705,
    "f1_macro": 0.556766,
    "f1_per_class": {
      "1": 0.752475,
      "2": 0.21164,
      "3": 0.492492,
      "4": 0.486853,
      "5": 0.840371
    },
    "confusion_matrix": [
      [
        190,
        10,
        39,
        6,
        7
      ],
      [
        37,
        20,
        76,
        12,
        4
      ],
      [
        17,
        10,
        164,
        127,
        23
      ],
      [
        5,
        0,
        37,
        287,
        304
      ],
      [
        4,
        0,
        9,
        114,
        1224
      ]
    ]
  },
  "training": {
    "epochs_run": 8,
    "best_epoch": 4,
    "training_time_seconds": 381.9,
    "loss_history": [
      1.168129,
      0.868992,
      0.729179,
      0.628202,
      0.538793,
      0.456878,
      0.368685,
      0.251473
    ],
    "val_loss_history": [
      0.928072,
      0.824743,
      0.766736,
      0.762142,
      0.774888,
      0.770541,
      0.844008,
      0.972908
    ],
    "acc_history": [
      0.530739,
      0.637421,
      0.692689,
      0.733097,
      0.775786,
      0.816745,
      0.859984,
      0.909827
    ],
    "val_acc_history": [
      0.609685,
      0.65077,
      0.674982,
      0.681218,
      0.694057,
      0.709464,
      0.736244,
      0.739178
    ]
  }
}