{
  "model_name": "bilstm_v2",
  "owner": "Yibby",
  "track": "PP",
  "config": {
    "embedding_dim": 128,
    "hidden_size": 128,
    "dropout": 0.4,
    "use_class_weights": true,
    "n_params": 3253253
  },
  "metrics": {
    "accuracy": 0.559428,
    "precision_macro": 0.508923,
    "recall_macro": 0.567773,
    "f1_macro": 0.522355,
    "f1_per_class": {
      "1": 0.682482,
      "2": 0.390244,
      "3": 0.444208,
      "4": 0.397858,
      "5": 0.696983
    },
    "confusion_matrix": [
      [
        187,
        56,
        9,
        0,
        0
      ],
      [
        51,
        72,
        25,
        1,
        0
      ],
      [
        26,
        63,
        209,
        37,
        6
      ],
      [
        7,
        16,
        217,
        260,
        133
      ],
      [
        25,
        13,
        140,
        376,
        797
      ]
    ]
  },
  "training": {
    "epochs_run": 7,
    "best_epoch": 3,
    "training_time_seconds": 331.2,
    "loss_history": [
      1.359963,
      1.049515,
      0.888264,
      0.765644,
      0.651746,
      0.550114,
      0.421232
    ],
    "val_loss_history": [
      1.1435,
      1.02354,
      0.997442,
      0.99987,
      1.045769,
      1.076164,
      1.254665
    ],
    "acc_history": [
      0.41989,
      0.574371,
      0.641431,
      0.67217,
      0.716352,
      0.749607,
      0.798742
    ],
    "val_acc_history": [
      0.533749,
      0.632062,
      0.577036,
      0.575935,
      0.648936,
      0.636831,
      0.692957
    ]
  }
}