{
  "model_name": "gru_bahdanau",
  "owner": "Daniel Ruiz",
  "track": "PP",
  "config": {
    "embedding_dim": 128,
    "hidden_size": 256,
    "dropout": 0.3,
    "use_class_weights": true,
    "n_params": 4599813
  },
  "metrics": {
    "accuracy": 0.641599,
    "precision_macro": 0.575695,
    "recall_macro": 0.602441,
    "f1_macro": 0.578502,
    "f1_per_class": {
      "1": 0.723493,
      "2": 0.436195,
      "3": 0.456964,
      "4": 0.491729,
      "5": 0.784131
    },
    "confusion_matrix": [
      [
        174,
        75,
        3,
        0,
        0
      ],
      [
        32,
        94,
        19,
        4,
        0
      ],
      [
        12,
        90,
        146,
        80,
        13
      ],
      [
        3,
        13,
        91,
        327,
        199
      ],
      [
        8,
        10,
        39,
        286,
        1008
      ]
    ]
  },
  "training": {
    "epochs_run": 9,
    "best_epoch": 4,
    "training_time_seconds": 119.4,
    "loss_history": [
      1.371438,
      1.113309,
      0.96482,
      0.862913,
      0.772891,
      0.674388,
      0.579795,
      0.46369,
      0.384123
    ],
    "val_loss_history": [
      1.157144,
      1.059978,
      1.018765,
      0.925547,
      0.974379,
      1.00437,
      0.992441,
      1.104855,
      1.351173
    ],
    "acc_history": [
      0.436557,
      0.550865,
      0.615645,
      0.643396,
      0.671698,
      0.699686,
      0.728066,
      0.772091,
      0.799843
    ],
    "val_acc_history": [
      0.584006,
      0.625825,
      0.655539,
      0.661042,
      0.658107,
      0.692957,
      0.694057,
      0.641599,
      0.72157
    ]
  }
}