{
  "model_name": "lstm_v3_yibby",
  "owner": "Felipe",
  "track": "PP",
  "config": {
    "embedding_dim": 128,
    "hidden_size": 128,
    "dropout": 0.3,
    "use_class_weights": false,
    "n_params": 2700933
  },
  "metrics": {
    "accuracy": 0.604182,
    "precision_macro": 0.563855,
    "recall_macro": 0.440763,
    "f1_macro": 0.399584,
    "f1_per_class": {
      "1★": 0.685811,
      "2★": 0.167539,
      "3★": 0.358621,
      "4★": 0.021807,
      "5★": 0.764143
    },
    "confusion_matrix": [
      [
        203,
        9,
        33,
        0,
        7
      ],
      [
        79,
        16,
        27,
        0,
        27
      ],
      [
        46,
        13,
        104,
        1,
        177
      ],
      [
        6,
        3,
        49,
        7,
        568
      ],
      [
        6,
        1,
        26,
        1,
        1317
      ]
    ]
  },
  "training": {
    "epochs_run": 24,
    "best_epoch": 19,
    "training_time_seconds": 321.2,
    "loss_history": [
      1.381505,
      1.315357,
      1.315962,
      1.280697,
      1.227312,
      1.170032,
      1.136204,
      1.124152,
      1.093849,
      1.093654,
      1.067231,
      1.050292,
      1.036721,
      1.024605,
      1.012701,
      0.992545,
      0.973327,
      0.960048,
      0.944071,
      0.925696,
      0.903321,
      0.882199,
      0.854019,
      0.833587
    ],
    "val_loss_history": [
      1.286299,
      1.391564,
      1.288941,
      1.231521,
      1.189804,
      1.134395,
      1.095896,
      1.142722,
      1.167471,
      1.084082,
      1.114866,
      1.070218,
      1.042716,
      1.059232,
      1.038293,
      1.029691,
      1.022477,
      1.023681,
      1.010588,
      1.020266,
      1.038099,
      1.044673,
      1.034336,
      1.048114
    ],
    "acc_history": [
      0.452909,
      0.485377,
      0.494182,
      0.501179,
      0.505582,
      0.533962,
      0.549371,
      0.553931,
      0.56305,
      0.566274,
      0.573506,
      0.575157,
      0.582311,
      0.584277,
      0.590959,
      0.598035,
      0.605267,
      0.611242,
      0.615173,
      0.62555,
      0.634984,
      0.642453,
      0.657311,
      0.667453
    ],
    "val_acc_history": [
      0.506236,
      0.495231,
      0.495598,
      0.520176,
      0.494497,
      0.549523,
      0.555393,
      0.555393,
      0.551357,
      0.573368,
      0.562362,
      0.5708,
      0.574468,
      0.57777,
      0.581805,
      0.585106,
      0.589875,
      0.591709,
      0.601981,
      0.60088,
      0.606016,
      0.599046,
      0.614087,
      0.612252
    ]
  }
}