{
  "model_name": "lstm_v4_sqrt",
  "owner": "Felipe",
  "track": "PP",
  "config": {
    "embedding_dim": 128,
    "hidden_size": 128,
    "dropout": 0.3,
    "use_class_weights": true,
    "n_params": 2700933
  },
  "metrics": {
    "accuracy": 0.582905,
    "precision_macro": 0.401505,
    "recall_macro": 0.41901,
    "f1_macro": 0.391943,
    "f1_per_class": {
      "1★": 0.606695,
      "2★": 0.344371,
      "3★": 0.259635,
      "4★": 0.0,
      "5★": 0.749013
    },
    "confusion_matrix": [
      [
        145,
        56,
        32,
        0,
        19
      ],
      [
        42,
        52,
        22,
        0,
        33
      ],
      [
        32,
        34,
        64,
        0,
        211
      ],
      [
        5,
        8,
        16,
        0,
        604
      ],
      [
        2,
        3,
        18,
        0,
        1328
      ]
    ]
  },
  "training": {
    "epochs_run": 22,
    "best_epoch": 17,
    "training_time_seconds": 291.9,
    "loss_history": [
      1.532485,
      1.439326,
      1.351043,
      1.314557,
      1.289134,
      1.283674,
      1.231547,
      1.214769,
      1.199528,
      1.174892,
      1.186967,
      1.16914,
      1.133983,
      1.120454,
      1.112145,
      1.090488,
      1.076622,
      1.062464,
      1.046677,
      1.034914,
      1.012132,
      1.001109
    ],
    "val_loss_history": [
      1.485026,
      1.358873,
      1.323078,
      1.276633,
      1.273322,
      1.346336,
      1.225708,
      1.232162,
      1.19189,
      1.210621,
      1.276549,
      1.215371,
      1.198807,
      1.18118,
      1.188221,
      1.17519,
      1.156801,
      1.177597,
      1.161708,
      1.170491,
      1.182634,
      1.169356
    ],
    "acc_history": [
      0.474057,
      0.489544,
      0.522013,
      0.549057,
      0.549686,
      0.558805,
      0.563758,
      0.569261,
      0.574607,
      0.579874,
      0.578852,
      0.585613,
      0.592767,
      0.600786,
      0.600708,
      0.608176,
      0.612028,
      0.619654,
      0.628538,
      0.630503,
      0.638443,
      0.643553
    ],
    "val_acc_history": [
      0.509538,
      0.524945,
      0.545121,
      0.558694,
      0.559061,
      0.494497,
      0.558694,
      0.565664,
      0.564197,
      0.583272,
      0.569332,
      0.57887,
      0.580337,
      0.574835,
      0.580337,
      0.573368,
      0.594644,
      0.590242,
      0.597212,
      0.595011,
      0.595378,
      0.604916
    ]
  }
}