{
  "model_name": "lstm",
  "owner": "Felipe",
  "track": "PP",
  "config": {
    "embedding_dim": 128,
    "hidden_size": 128,
    "dropout": 0.3,
    "use_class_weights": true,
    "n_params": 2700677
  },
  "metrics": {
    "accuracy": 0.298239,
    "precision_macro": 0.434001,
    "recall_macro": 0.401161,
    "f1_macro": 0.31273,
    "f1_per_class": {
      "1★": 0.635294,
      "2★": 0.253112,
      "3★": 0.246957,
      "4★": 0.410769,
      "5★": 0.017518
    },
    "confusion_matrix": [
      [
        135,
        72,
        25,
        19,
        1
      ],
      [
        23,
        61,
        15,
        50,
        0
      ],
      [
        8,
        74,
        71,
        185,
        3
      ],
      [
        3,
        49,
        44,
        534,
        3
      ],
      [
        4,
        77,
        79,
        1179,
        12
      ]
    ]
  },
  "training": {
    "epochs_run": 20,
    "best_epoch": 15,
    "training_time_seconds": 271.2,
    "loss_history": [
      1.592353,
      1.546721,
      1.463112,
      1.444865,
      1.372806,
      1.350347,
      1.309367,
      1.296543,
      1.247645,
      1.215087,
      1.201758,
      1.159511,
      1.132938,
      1.117168,
      1.072383,
      1.036891,
      0.997035,
      0.996604,
      0.961019,
      0.94257
    ],
    "val_loss_history": [
      1.560554,
      1.51657,
      1.445345,
      1.419786,
      1.457425,
      1.380427,
      1.428353,
      1.396894,
      1.37279,
      1.380888,
      1.359712,
      1.371952,
      1.354963,
      1.386717,
      1.351581,
      1.466286,
      1.432721,
      1.497428,
      1.54732,
      1.586206
    ],
    "acc_history": [
      0.315566,
      0.391038,
      0.448899,
      0.448742,
      0.487579,
      0.479009,
      0.516509,
      0.4875,
      0.453852,
      0.48805,
      0.447484,
      0.533491,
      0.501572,
      0.52555,
      0.560613,
      0.565487,
      0.579874,
      0.604796,
      0.620047,
      0.619025
    ],
    "val_acc_history": [
      0.47212,
      0.338591,
      0.52091,
      0.455979,
      0.545488,
      0.544387,
      0.526045,
      0.278797,
      0.535583,
      0.289435,
      0.565297,
      0.511372,
      0.516875,
      0.550257,
      0.289068,
      0.533382,
      0.561262,
      0.554292,
      0.572634,
      0.579971
    ]
  }
}