{
  "model_name": "lstm_v2",
  "owner": "Felipe",
  "track": "PP",
  "config": {
    "embedding_dim": 128,
    "hidden_size": 128,
    "dropout": 0.3,
    "use_class_weights": false,
    "n_params": 2700677
  },
  "metrics": {
    "accuracy": 0.567498,
    "precision_macro": 0.446541,
    "recall_macro": 0.407315,
    "f1_macro": 0.382969,
    "f1_per_class": {
      "1★": 0.599303,
      "2★": 0.050314,
      "3★": 0.348765,
      "4★": 0.169231,
      "5★": 0.747232
    },
    "confusion_matrix": [
      [
        172,
        5,
        53,
        15,
        7
      ],
      [
        72,
        4,
        43,
        15,
        15
      ],
      [
        49,
        1,
        113,
        57,
        121
      ],
      [
        20,
        0,
        50,
        77,
        486
      ],
      [
        9,
        0,
        48,
        113,
        1181
      ]
    ]
  },
  "training": {
    "epochs_run": 28,
    "best_epoch": 23,
    "training_time_seconds": 216.6,
    "loss_history": [
      1.37126,
      1.304717,
      1.276135,
      1.223508,
      1.208503,
      1.191916,
      1.18252,
      1.190353,
      1.159722,
      1.13043,
      1.117123,
      1.111534,
      1.083744,
      1.054893,
      1.043813,
      1.031542,
      1.014382,
      1.010957,
      1.002147,
      0.989116,
      0.983397,
      0.974298,
      0.964696,
      0.95519,
      0.949784,
      0.938341,
      0.926119,
      0.919583
    ],
    "val_loss_history": [
      1.288464,
      1.268344,
      1.222725,
      1.190502,
      1.193827,
      1.185351,
      1.252093,
      1.166264,
      1.144429,
      1.152371,
      1.18553,
      1.161948,
      1.104268,
      1.089756,
      1.067642,
      1.077422,
      1.085067,
      1.060786,
      1.052269,
      1.044255,
      1.043124,
      1.034015,
      1.027648,
      1.031841,
      1.034605,
      1.040358,
      1.028258,
      1.028915
    ],
    "acc_history": [
      0.455975,
      0.488601,
      0.487028,
      0.499764,
      0.49717,
      0.505425,
      0.506918,
      0.510456,
      0.523899,
      0.537343,
      0.543239,
      0.558648,
      0.572091,
      0.581368,
      0.589387,
      0.591116,
      0.597642,
      0.600786,
      0.604403,
      0.611557,
      0.613443,
      0.613679,
      0.619182,
      0.623742,
      0.629481,
      0.633412,
      0.638129,
      0.644969
    ],
    "val_acc_history": [
      0.498166,
      0.440572,
      0.495598,
      0.497065,
      0.503668,
      0.514674,
      0.511739,
      0.519442,
      0.530814,
      0.527146,
      0.537784,
      0.546955,
      0.560161,
      0.569699,
      0.566764,
      0.573001,
      0.576302,
      0.588408,
      0.58584,
      0.585106,
      0.588408,
      0.59281,
      0.589142,
      0.597212,
      0.597579,
      0.593544,
      0.595011,
      0.597212
    ]
  }
}