{
  "model_name": "beto_finetuned_v3",
  "owner": "Sebastián Ruiz",
  "track": "TI",
  "config": {
    "base_model": "dccuchile/bert-base-spanish-wwm-cased",
    "layers_unfrozen": [
      "encoder.layer.9",
      "encoder.layer.10",
      "encoder.layer.11",
      "pooler",
      "classifier"
    ],
    "lr_strategy": "discriminative (2e-6 / 1e-5 / 2e-5)",
    "max_len": 128,
    "batch_size": 32,
    "weight_decay": 0.01,
    "use_class_weights": true,
    "class_weight_type": "sqrt_balanced",
    "early_stopping_patience": 3
  },
  "metrics": {
    "accuracy": 0.725238,
    "precision_macro": 0.654375,
    "recall_macro": 0.66093,
    "f1_macro": 0.656502,
    "f1_per_class": {
      "1": 0.777328,
      "2": 0.501529,
      "3": 0.594752,
      "4": 0.561258,
      "5": 0.847643
    },
    "confusion_matrix": [
      [
        192,
        50,
        9,
        1,
        0
      ],
      [
        33,
        82,
        30,
        4,
        0
      ],
      [
        15,
        40,
        204,
        64,
        18
      ],
      [
        1,
        5,
        80,
        339,
        208
      ],
      [
        1,
        1,
        22,
        167,
        1160
      ]
    ]
  },
  "training": {
    "epochs_max": 15,
    "epochs_run": 11,
    "best_epoch": 8,
    "training_time_seconds": 1780,
    "loss_history": [
      1.333940157938243,
      0.9136454835908496,
      0.8231346227565602,
      0.7807693864831973,
      0.7304577075656334,
      0.6908272292895533,
      0.6468165879273534,
      0.6098165563752304,
      0.5647429813392199,
      0.5364645648766403,
      0.5111708842854404
    ],
    "val_loss_history": [
      0.9942292903744897,
      0.8671407526315644,
      0.8314386536908704,
      0.8106168577837389,
      0.7939093667407369,
      0.780382432909899,
      0.7753478129242741,
      0.7611451024232909,
      0.7661308639271315,
      0.7681842349296393,
      0.7759201055349305
    ],
    "acc_history": [
      0.48907232704402515,
      0.6481132075471698,
      0.6808176100628931,
      0.700314465408805,
      0.7153301886792452,
      0.7257075471698113,
      0.7535377358490566,
      0.767059748427673,
      0.7838050314465409,
      0.7967767295597484,
      0.8058176100628931
    ],
    "val_acc_history": [
      0.6258253851797505,
      0.6834189288334556,
      0.6922230374174615,
      0.7046955245781364,
      0.7054292002934703,
      0.714600146735143,
      0.7142333088774762,
      0.7267057960381511,
      0.7388114453411592,
      0.7391782831988262,
      0.7454145267791636
    ]
  }
}