{
  "model_name": "beto_finetuned",
  "owner": "Sebastián Ruiz",
  "track": "TI",
  "config": {
    "base_model": "dccuchile/bert-base-spanish-wwm-cased",
    "layers_unfrozen": [
      "encoder.layer.11",
      "pooler",
      "classifier"
    ],
    "max_len": 128,
    "batch_size": 32,
    "lr": 2e-05,
    "weight_decay": 0.01,
    "use_class_weights": true,
    "early_stopping_patience": 3,
    "n_params": 109854725,
    "trainable_params": 7682309
  },
  "metrics": {
    "accuracy": 0.67058,
    "precision_macro": 0.583677,
    "recall_macro": 0.610586,
    "f1_macro": 0.592644,
    "f1_per_class": {
      "1": 0.710938,
      "2": 0.418848,
      "3": 0.512821,
      "4": 0.506494,
      "5": 0.814119
    },
    "confusion_matrix": [
      [
        182,
        60,
        6,
        2,
        2
      ],
      [
        43,
        80,
        23,
        3,
        0
      ],
      [
        21,
        74,
        170,
        63,
        13
      ],
      [
        2,
        12,
        94,
        312,
        213
      ],
      [
        12,
        7,
        29,
        219,
        1084
      ]
    ]
  },
  "training": {
    "epochs_max": 15,
    "epochs_run": 7,
    "best_epoch": 4,
    "training_time_seconds": 1023,
    "loss_history": [
      1.4602815320144347,
      1.0365325703692796,
      0.9237629448498913,
      0.8807898623559942,
      0.8384863240035934,
      0.8087589003931936,
      0.7716450203752997
    ],
    "val_loss_history": [
      1.1920508035393649,
      0.9900523812271828,
      0.9442700417928918,
      0.90915096014045,
      0.9173491825891096,
      0.9114859644756761,
      0.9255197387795115
    ],
    "acc_history": [
      0.4092767295597484,
      0.6012578616352201,
      0.6431603773584905,
      0.650314465408805,
      0.6691823899371069,
      0.6802672955974842,
      0.6891509433962264
    ],
    "val_acc_history": [
      0.574468085106383,
      0.628393250183419,
      0.6511371973587674,
      0.6661775495231108,
      0.6676449009537784,
      0.6768158473954512,
      0.6713132795304475
    ]
  }
}