{
  "model_name": "beto_finetuned",
  "owner": "Sebastián Ruiz",
  "track": "TI",
  "config": {
    "base_model": "dccuchile/bert-base-spanish-wwm-cased",
    "layers_unfrozen": [
      "encoder.layer.11",
      "pooler",
      "classifier"
    ],
    "max_len": 128,
    "batch_size": 32,
    "lr": 2e-05,
    "weight_decay": 0.01,
    "use_class_weights": true,
    "n_params": 109854725,
    "trainable_params": 7682309
  },
  "metrics": {
    "accuracy": 0.659208,
    "precision_macro": 0.581015,
    "recall_macro": 0.598319,
    "f1_macro": 0.587344,
    "f1_per_class": {
      "1": 0.728682,
      "2": 0.385965,
      "3": 0.513761,
      "4": 0.514032,
      "5": 0.794277
    },
    "confusion_matrix": [
      [
        188,
        50,
        10,
        2,
        2
      ],
      [
        42,
        66,
        37,
        4,
        0
      ],
      [
        22,
        62,
        168,
        77,
        12
      ],
      [
        3,
        11,
        77,
        348,
        194
      ],
      [
        9,
        4,
        21,
        290,
        1027
      ]
    ]
  },
  "training": {
    "epochs_run": 5,
    "best_epoch": 5,
    "training_time_seconds": 676,
    "loss_history": [
      1.3165375696654296,
      0.973352355723405,
      0.9142195023783487,
      0.8843356321504967,
      0.8595164268460106
    ],
    "val_loss_history": [
      1.036927894797436,
      0.98708432289057,
      0.9515311045702114,
      0.9409229665301567,
      0.9395960645620213
    ],
    "acc_history": [
      0.47696540880503147,
      0.6248427672955975,
      0.644496855345912,
      0.6476415094339623,
      0.6610062893081761
    ],
    "val_acc_history": [
      0.6239911958914159,
      0.6467351430667645,
      0.6511371973587674,
      0.6595744680851063,
      0.6537050623624358
    ]
  }
}